{"count":1,"self":237.2428544,"total":723.0842725,"children":{"InitializeActuators":{"count":1304,"self":0.028901299999999998,"total":0.028901299999999998,"children":null},"InitializeSensors":{"count":1304,"self":0.0043428,"total":0.0043428,"children":null},"AgentSendState":{"count":27367,"self":0.11186099999999999,"total":0.4690349,"children":{"CollectObservations":{"count":15762,"self":0.0110773,"total":0.0110773,"children":null},"WriteActionMask":{"count":15762,"self":0.0127058,"total":0.0127058,"children":null},"RequestDecision":{"count":15762,"self":0.12160979999999999,"total":0.3333908,"children":{"AgentInfo.ToProto":{"count":15762,"self":0.072368599999999991,"total":0.211781,"children":{"GenerateSensorData":{"count":15762,"self":0.1394124,"total":0.1394124,"children":null}}}}}}},"DecideAction":{"count":27367,"self":484.8799744,"total":484.87997329999996,"children":null},"AgentAct":{"count":27367,"self":0.44781289999999996,"total":0.4586509,"children":{"AgentInfo.ToProto":{"count":1303,"self":0.0032879999999999997,"total":0.010837999999999999,"children":{"GenerateSensorData":{"count":1303,"self":0.0075499999999999994,"total":0.0075499999999999994,"children":null}}}}}},"gauges":{"Basic.CumulativeReward":{"count":1303,"max":0.93,"min":-1.58999872,"runningAverage":0.7893558,"value":0.93,"weightedAverage":0.929978848}},"metadata":{"timer_format_version":"0.1.0","start_time_seconds":"1747308050","unity_version":"6000.0.48f1","command_line_arguments":"C:\\Program Files\\Unity\\Hub\\Editor\\6000.0.48f1\\Editor\\Unity.exe -projectpath C:\\Users\\hedwin\\computing\\unity\\ml-agents\\Project -useHub -hubIPC -cloudEnvironment production","communication_protocol_version":"1.5.0","com.unity.ml-agents_version":"3.0.0","scene_name":"Basic","end_time_seconds":"1747308773"}}